scheduler,topology,comm_plan,workload,placement_mode,placement_objective,job_id,model,ranks,trace_start_s,sim_start_s,sim_finish_s,jct_s,comm_s,compute_s,tensor_gib,intensity,placement
random_same,star,ring,synthetic,optimize,balanced,0,synthetic,8,0.000000,0.000000,70.385533,70.385533,68.735460,0.330015,8.594861,27964405134.098450,0:0;0:3;1:2;2:1;3:0;3:3;4:2;5:1
random_same,star,ring,synthetic,optimize,balanced,1,synthetic,8,0.000000,0.000000,75.718330,75.718330,73.393313,0.495209,9.277925,20116950358.263126,1:3;2:2;3:1;4:0;4:3;5:2;6:1;7:0
random_same,star,ring,synthetic,optimize,balanced,2,synthetic,8,0.000000,0.000000,13.673455,13.673455,9.278727,1.265609,0.716645,608001173.609735,3:2;4:1;5:0;5:3;6:2;7:1;0:0;0:3
random_same,star,ring,synthetic,optimize,balanced,3,synthetic,8,0.000000,0.000000,73.430202,73.430202,71.934779,0.299084,9.096861,32658700195.001358,5:1;6:0;6:3;7:2;0:1;1:0;1:3;2:2
random_same,star,ring,synthetic,optimize,balanced,4,synthetic,8,0.000000,0.000000,76.368963,76.368963,75.153923,0.283500,9.638824,36506519330.634674,7:0;7:3;0:2;1:1;2:0;2:3;3:2;4:1
random_same,star,ring,synthetic,optimize,balanced,5,synthetic,8,0.000000,0.000000,15.765434,15.765434,10.124860,1.658161,0.797007,516101780.945749,0:3;1:2;2:1;3:0;3:3;4:2;5:1;6:0
random_same,star,ring,synthetic,optimize,balanced,6,synthetic,8,0.000000,0.000000,79.548628,79.548628,77.716391,0.366447,10.371652,30390390190.311924,2:2;3:1;4:0;4:3;5:2;6:1;7:0;7:3
random_same,star,ring,synthetic,optimize,balanced,7,synthetic,8,0.000000,0.000000,79.971230,79.971230,77.916527,0.427910,10.470158,26272467870.272526,4:1;5:0;5:3;6:2;7:1;0:0;0:3;1:2
random_same,star,ring,synthetic,optimize,balanced,8,synthetic,8,0.000000,0.000000,21.283400,21.283400,16.820141,1.292181,1.515434,1259254399.633792,6:0;6:3;7:2;0:1;1:0;1:3;2:2;3:1
random_same,star,ring,synthetic,optimize,balanced,9,synthetic,8,0.000000,0.000000,80.413050,80.413050,78.969168,0.337768,10.753814,34185608902.838707,7:3;0:2;1:1;2:0;2:3;3:2;4:1;5:0
random_same,star,ring,synthetic,optimize,balanced,10,synthetic,8,0.000000,0.000000,80.890872,80.890872,79.216550,0.336077,11.256473,35963653528.793274,1:2;2:1;3:0;3:3;4:2;5:1;6:0;6:3
random_same,star,ring,synthetic,optimize,balanced,11,synthetic,8,0.000000,0.000000,19.486003,19.486003,15.349223,1.171837,1.348916,1235997695.369468,3:1;4:0;4:3;5:2;6:1;7:0;7:3;0:2
random_intensity,star,ring,synthetic,optimize,balanced,0,synthetic,8,0.000000,0.000000,70.386095,70.386095,68.736022,0.330015,8.594861,27964405134.098450,0:0;0:3;1:2;2:1;3:0;3:3;4:2;5:1
random_intensity,star,ring,synthetic,optimize,balanced,1,synthetic,8,0.000000,0.000000,75.718354,75.718354,73.393348,0.495209,9.277925,20116950358.263126,1:3;2:2;3:1;4:0;4:3;5:2;6:1;7:0
random_intensity,star,ring,synthetic,optimize,balanced,2,synthetic,8,0.000000,0.000000,13.670991,13.670991,9.286952,1.265609,0.716645,608001173.609735,3:2;4:1;5:0;5:3;6:2;7:1;0:0;0:3
random_intensity,star,ring,synthetic,optimize,balanced,3,synthetic,8,0.000000,0.000000,73.430671,73.430671,71.935247,0.299084,9.096861,32658700195.001358,5:1;6:0;6:3;7:2;0:1;1:0;1:3;2:2
random_intensity,star,ring,synthetic,optimize,balanced,4,synthetic,8,0.000000,0.000000,76.369011,76.369011,75.153977,0.283500,9.638824,36506519330.634674,7:0;7:3;0:2;1:1;2:0;2:3;3:2;4:1
random_intensity,star,ring,synthetic,optimize,balanced,5,synthetic,8,0.000000,0.000000,15.764485,15.764485,10.123911,1.658161,0.797007,516101780.945749,0:3;1:2;2:1;3:0;3:3;4:2;5:1;6:0
random_intensity,star,ring,synthetic,optimize,balanced,6,synthetic,8,0.000000,0.000000,79.548700,79.548700,77.716464,0.366447,10.371652,30390390190.311924,2:2;3:1;4:0;4:3;5:2;6:1;7:0;7:3
random_intensity,star,ring,synthetic,optimize,balanced,7,synthetic,8,0.000000,0.000000,79.970867,79.970867,77.916850,0.427910,10.470158,26272467870.272526,4:1;5:0;5:3;6:2;7:1;0:0;0:3;1:2
random_intensity,star,ring,synthetic,optimize,balanced,8,synthetic,8,0.000000,0.000000,21.283862,21.283862,16.840170,1.292181,1.515434,1259254399.633792,6:0;6:3;7:2;0:1;1:0;1:3;2:2;3:1
random_intensity,star,ring,synthetic,optimize,balanced,9,synthetic,8,0.000000,0.000000,80.412920,80.412920,78.969209,0.337768,10.753814,34185608902.838707,7:3;0:2;1:1;2:0;2:3;3:2;4:1;5:0
random_intensity,star,ring,synthetic,optimize,balanced,10,synthetic,8,0.000000,0.000000,80.890829,80.890829,79.216507,0.336077,11.256473,35963653528.793274,1:2;2:1;3:0;3:3;4:2;5:1;6:0;6:3
random_intensity,star,ring,synthetic,optimize,balanced,11,synthetic,8,0.000000,0.000000,19.483833,19.483833,15.347054,1.171837,1.348916,1235997695.369468,3:1;4:0;4:3;5:2;6:1;7:0;7:3;0:2
crux_no_compress,star,ring,synthetic,optimize,balanced,0,synthetic,8,0.000000,0.000000,27.374022,27.374022,26.053964,0.330015,8.594861,27964405134.098450,4:0;4:1;4:2;4:3;5:0;5:1;5:2;5:3
crux_no_compress,star,ring,synthetic,optimize,balanced,1,synthetic,8,0.000000,0.000000,57.226758,57.226758,54.928663,0.495209,9.277925,20116950358.263126,2:2;3:2;0:2;1:2;2:3;3:3;0:3;1:3
crux_no_compress,star,ring,synthetic,optimize,balanced,2,synthetic,8,0.000000,0.000000,15.062979,15.062979,9.289133,1.265609,0.716645,608001173.609735,0:1;1:1;2:2;3:2;0:3;1:3;2:3;3:3
crux_no_compress,star,ring,synthetic,optimize,balanced,3,synthetic,8,0.000000,0.000000,28.384718,28.384718,27.188384,0.299084,9.096861,32658700195.001358,6:0;6:1;6:2;6:3;7:0;7:1;7:2;7:3
crux_no_compress,star,ring,synthetic,optimize,balanced,4,synthetic,8,0.000000,0.000000,43.277924,43.277924,41.576923,0.283500,9.638824,36506519330.634674,0:0;0:1;0:2;0:3;1:0;1:1;1:2;1:3
crux_no_compress,star,ring,synthetic,optimize,balanced,5,synthetic,8,0.000000,0.000000,17.080281,17.080281,10.195112,1.658161,0.797007,516101780.945749,0:0;1:0;2:0;3:0;0:1;1:1;2:1;3:1
crux_no_compress,star,ring,synthetic,optimize,balanced,6,synthetic,8,0.000000,0.000000,30.539915,30.539915,29.141490,0.366447,10.371652,30390390190.311924,6:0;6:1;6:2;6:3;7:0;7:1;7:2;7:3
crux_no_compress,star,ring,synthetic,optimize,balanced,7,synthetic,8,0.000000,0.000000,60.911355,60.911355,58.488305,0.427910,10.470158,26272467870.272526,2:0;3:0;0:0;1:0;2:1;3:1;0:1;1:1
crux_no_compress,star,ring,synthetic,optimize,balanced,8,synthetic,8,0.000000,0.000000,23.098729,23.098729,18.443477,1.292181,1.515434,1259254399.633792,2:2;3:2;2:3;3:3;0:2;1:2;2:0;3:0
crux_no_compress,star,ring,synthetic,optimize,balanced,9,synthetic,8,0.000000,0.000000,30.891300,30.891300,29.547981,0.337768,10.753814,34185608902.838707,4:0;4:1;4:2;4:3;5:0;5:1;5:2;5:3
crux_no_compress,star,ring,synthetic,optimize,balanced,10,synthetic,8,0.000000,0.000000,61.278674,61.278674,59.262214,0.336077,11.256473,35963653528.793274,2:0;2:1;2:2;2:3;3:0;3:1;3:2;3:3
crux_no_compress,star,ring,synthetic,optimize,balanced,11,synthetic,8,0.000000,0.000000,23.847173,23.847173,18.448415,1.171837,1.348916,1235997695.369468,0:3;1:3;2:1;3:1;0:0;1:0;2:1;3:1
crux,star,ring,synthetic,optimize,balanced,0,synthetic,8,0.000000,0.000000,27.374022,27.374022,26.053964,0.330015,8.594861,27964405134.098450,4:0;4:1;4:2;4:3;5:0;5:1;5:2;5:3
crux,star,ring,synthetic,optimize,balanced,1,synthetic,8,0.000000,0.000000,57.226758,57.226758,54.928663,0.495209,9.277925,20116950358.263126,2:2;3:2;0:2;1:2;2:3;3:3;0:3;1:3
crux,star,ring,synthetic,optimize,balanced,2,synthetic,8,0.000000,0.000000,15.062979,15.062979,9.289133,1.265609,0.716645,608001173.609735,0:1;1:1;2:2;3:2;0:3;1:3;2:3;3:3
crux,star,ring,synthetic,optimize,balanced,3,synthetic,8,0.000000,0.000000,28.384718,28.384718,27.188384,0.299084,9.096861,32658700195.001358,6:0;6:1;6:2;6:3;7:0;7:1;7:2;7:3
crux,star,ring,synthetic,optimize,balanced,4,synthetic,8,0.000000,0.000000,43.277924,43.277924,41.576923,0.283500,9.638824,36506519330.634674,0:0;0:1;0:2;0:3;1:0;1:1;1:2;1:3
crux,star,ring,synthetic,optimize,balanced,5,synthetic,8,0.000000,0.000000,17.080281,17.080281,10.195112,1.658161,0.797007,516101780.945749,0:0;1:0;2:0;3:0;0:1;1:1;2:1;3:1
crux,star,ring,synthetic,optimize,balanced,6,synthetic,8,0.000000,0.000000,30.539915,30.539915,29.141490,0.366447,10.371652,30390390190.311924,6:0;6:1;6:2;6:3;7:0;7:1;7:2;7:3
crux,star,ring,synthetic,optimize,balanced,7,synthetic,8,0.000000,0.000000,60.911355,60.911355,58.488305,0.427910,10.470158,26272467870.272526,2:0;3:0;0:0;1:0;2:1;3:1;0:1;1:1
crux,star,ring,synthetic,optimize,balanced,8,synthetic,8,0.000000,0.000000,23.098729,23.098729,18.443477,1.292181,1.515434,1259254399.633792,2:2;3:2;2:3;3:3;0:2;1:2;2:0;3:0
crux,star,ring,synthetic,optimize,balanced,9,synthetic,8,0.000000,0.000000,30.891300,30.891300,29.547981,0.337768,10.753814,34185608902.838707,4:0;4:1;4:2;4:3;5:0;5:1;5:2;5:3
crux,star,ring,synthetic,optimize,balanced,10,synthetic,8,0.000000,0.000000,61.278674,61.278674,59.262214,0.336077,11.256473,35963653528.793274,2:0;2:1;2:2;2:3;3:0;3:1;3:2;3:3
crux,star,ring,synthetic,optimize,balanced,11,synthetic,8,0.000000,0.000000,23.847173,23.847173,18.448415,1.171837,1.348916,1235997695.369468,0:3;1:3;2:1;3:1;0:0;1:0;2:1;3:1
random_same,three_tier_clos,ring,synthetic,optimize,balanced,0,synthetic,8,0.000000,0.000000,85.254961,85.254961,83.604888,0.330015,8.594861,27964405134.098450,0:0;0:3;1:2;2:1;3:0;3:3;4:2;5:1
random_same,three_tier_clos,ring,synthetic,optimize,balanced,1,synthetic,8,0.000000,0.000000,91.239455,91.239455,88.959536,0.495209,9.277925,20116950358.263126,1:3;2:2;3:1;4:0;4:3;5:2;6:1;7:0
random_same,three_tier_clos,ring,synthetic,optimize,balanced,2,synthetic,8,0.000000,0.000000,14.653818,14.653818,10.235722,1.265609,0.716645,608001173.609735,3:2;4:1;5:0;5:3;6:2;7:1;0:0;0:3
random_same,three_tier_clos,ring,synthetic,optimize,balanced,3,synthetic,8,0.000000,0.000000,88.877152,88.877152,87.381734,0.299084,9.096861,32658700195.001358,5:1;6:0;6:3;7:2;0:1;1:0;1:3;2:2
random_same,three_tier_clos,ring,synthetic,optimize,balanced,4,synthetic,8,0.000000,0.000000,92.251991,92.251991,91.117990,0.283500,9.638824,36506519330.634674,7:0;7:3;0:2;1:1;2:0;2:3;3:2;4:1
random_same,three_tier_clos,ring,synthetic,optimize,balanced,5,synthetic,8,0.000000,0.000000,17.153416,17.153416,11.512842,1.658161,0.797007,516101780.945749,0:3;1:2;2:1;3:0;3:3;4:2;5:1;6:0
random_same,three_tier_clos,ring,synthetic,optimize,balanced,6,synthetic,8,0.000000,0.000000,96.016550,96.016550,94.184314,0.366447,10.371652,30390390190.311924,2:2;3:1;4:0;4:3;5:2;6:1;7:0;7:3
random_same,three_tier_clos,ring,synthetic,optimize,balanced,7,synthetic,8,0.000000,0.000000,96.373574,96.373574,94.277118,0.427910,10.470158,26272467870.272526,4:1;5:0;5:3;6:2;7:1;0:0;0:3;1:2
random_same,three_tier_clos,ring,synthetic,optimize,balanced,8,synthetic,8,0.000000,0.000000,24.173703,24.173703,19.648459,1.292181,1.515434,1259254399.633792,6:0;6:3;7:2;0:1;1:0;1:3;2:2;3:1
random_same,three_tier_clos,ring,synthetic,optimize,balanced,9,synthetic,8,0.000000,0.000000,96.860857,96.860857,95.563849,0.337768,10.753814,34185608902.838707,7:3;0:2;1:1;2:0;2:3;3:2;4:1;5:0
random_same,three_tier_clos,ring,synthetic,optimize,balanced,10,synthetic,8,0.000000,0.000000,97.486650,97.486650,95.812329,0.336077,11.256473,35963653528.793274,1:2;2:1;3:0;3:3;4:2;5:1;6:0;6:3
random_same,three_tier_clos,ring,synthetic,optimize,balanced,11,synthetic,8,0.000000,0.000000,21.982833,21.982833,17.605666,1.171837,1.348916,1235997695.369468,3:1;4:0;4:3;5:2;6:1;7:0;7:3;0:2
random_intensity,three_tier_clos,ring,synthetic,optimize,balanced,0,synthetic,8,0.000000,0.000000,85.254949,85.254949,83.604876,0.330015,8.594861,27964405134.098450,0:0;0:3;1:2;2:1;3:0;3:3;4:2;5:1
random_intensity,three_tier_clos,ring,synthetic,optimize,balanced,1,synthetic,8,0.000000,0.000000,91.239459,91.239459,88.959539,0.495209,9.277925,20116950358.263126,1:3;2:2;3:1;4:0;4:3;5:2;6:1;7:0
random_intensity,three_tier_clos,ring,synthetic,optimize,balanced,2,synthetic,8,0.000000,0.000000,14.642823,14.642823,10.224728,1.265609,0.716645,608001173.609735,3:2;4:1;5:0;5:3;6:2;7:1;0:0;0:3
random_intensity,three_tier_clos,ring,synthetic,optimize,balanced,3,synthetic,8,0.000000,0.000000,88.877149,88.877149,87.381731,0.299084,9.096861,32658700195.001358,5:1;6:0;6:3;7:2;0:1;1:0;1:3;2:2
random_intensity,three_tier_clos,ring,synthetic,optimize,balanced,4,synthetic,8,0.000000,0.000000,92.251991,92.251991,91.117990,0.283500,9.638824,36506519330.634674,7:0;7:3;0:2;1:1;2:0;2:3;3:2;4:1
random_intensity,three_tier_clos,ring,synthetic,optimize,balanced,5,synthetic,8,0.000000,0.000000,17.140672,17.140672,11.500098,1.658161,0.797007,516101780.945749,0:3;1:2;2:1;3:0;3:3;4:2;5:1;6:0
random_intensity,three_tier_clos,ring,synthetic,optimize,balanced,6,synthetic,8,0.000000,0.000000,96.016549,96.016549,94.184313,0.366447,10.371652,30390390190.311924,2:2;3:1;4:0;4:3;5:2;6:1;7:0;7:3
random_intensity,three_tier_clos,ring,synthetic,optimize,balanced,7,synthetic,8,0.000000,0.000000,96.373573,96.373573,94.277116,0.427910,10.470158,26272467870.272526,4:1;5:0;5:3;6:2;7:1;0:0;0:3;1:2
random_intensity,three_tier_clos,ring,synthetic,optimize,balanced,8,synthetic,8,0.000000,0.000000,24.174205,24.174205,19.670533,1.292181,1.515434,1259254399.633792,6:0;6:3;7:2;0:1;1:0;1:3;2:2;3:1
random_intensity,three_tier_clos,ring,synthetic,optimize,balanced,9,synthetic,8,0.000000,0.000000,96.860858,96.860858,95.563850,0.337768,10.753814,34185608902.838707,7:3;0:2;1:1;2:0;2:3;3:2;4:1;5:0
random_intensity,three_tier_clos,ring,synthetic,optimize,balanced,10,synthetic,8,0.000000,0.000000,97.486651,97.486651,95.812330,0.336077,11.256473,35963653528.793274,1:2;2:1;3:0;3:3;4:2;5:1;6:0;6:3
random_intensity,three_tier_clos,ring,synthetic,optimize,balanced,11,synthetic,8,0.000000,0.000000,21.979675,21.979675,17.602507,1.171837,1.348916,1235997695.369468,3:1;4:0;4:3;5:2;6:1;7:0;7:3;0:2
crux_no_compress,three_tier_clos,ring,synthetic,optimize,balanced,0,synthetic,8,0.000000,0.000000,53.522202,53.522202,52.202144,0.330015,8.594861,27964405134.098450,4:0;4:1;4:2;4:3;5:0;5:1;5:2;5:3
crux_no_compress,three_tier_clos,ring,synthetic,optimize,balanced,1,synthetic,8,0.000000,0.000000,63.114547,63.114547,60.850210,0.495209,9.277925,20116950358.263126,2:2;3:2;0:2;1:2;2:3;3:3;0:3;1:3
crux_no_compress,three_tier_clos,ring,synthetic,optimize,balanced,2,synthetic,8,0.000000,0.000000,15.120328,15.120328,9.334915,1.265609,0.716645,608001173.609735,0:1;1:1;2:2;3:2;0:3;1:3;2:3;3:3
crux_no_compress,three_tier_clos,ring,synthetic,optimize,balanced,3,synthetic,8,0.000000,0.000000,55.860443,55.860443,54.664109,0.299084,9.096861,32658700195.001358,6:0;6:1;6:2;6:3;7:0;7:1;7:2;7:3
crux_no_compress,three_tier_clos,ring,synthetic,optimize,balanced,4,synthetic,8,0.000000,0.000000,59.989345,59.989345,58.288343,0.283500,9.638824,36506519330.634674,0:0;0:1;0:2;0:3;1:0;1:1;1:2;1:3
crux_no_compress,three_tier_clos,ring,synthetic,optimize,balanced,5,synthetic,8,0.000000,0.000000,17.139776,17.139776,10.260865,1.658161,0.797007,516101780.945749,0:0;1:0;2:0;3:0;0:1;1:1;2:1;3:1
crux_no_compress,three_tier_clos,ring,synthetic,optimize,balanced,6,synthetic,8,0.000000,0.000000,61.796453,61.796453,60.398028,0.366447,10.371652,30390390190.311924,6:0;6:1;6:2;6:3;7:0;7:1;7:2;7:3
crux_no_compress,three_tier_clos,ring,synthetic,optimize,balanced,7,synthetic,8,0.000000,0.000000,66.655407,66.655407,64.232358,0.427910,10.470158,26272467870.272526,2:0;3:0;0:0;1:0;2:1;3:1;0:1;1:1
crux_no_compress,three_tier_clos,ring,synthetic,optimize,balanced,8,synthetic,8,0.000000,0.000000,23.178321,23.178321,18.523068,1.292181,1.515434,1259254399.633792,2:2;3:2;2:3;3:3;0:2;1:2;2:0;3:0
crux_no_compress,three_tier_clos,ring,synthetic,optimize,balanced,9,synthetic,8,0.000000,0.000000,62.581708,62.581708,61.238388,0.337768,10.753814,34185608902.838707,4:0;4:1;4:2;4:3;5:0;5:1;5:2;5:3
crux_no_compress,three_tier_clos,ring,synthetic,optimize,balanced,10,synthetic,8,0.000000,0.000000,67.164387,67.164387,65.147927,0.336077,11.256473,35963653528.793274,2:0;2:1;2:2;2:3;3:0;3:1;3:2;3:3
crux_no_compress,three_tier_clos,ring,synthetic,optimize,balanced,11,synthetic,8,0.000000,0.000000,23.888099,23.888099,18.485825,1.171837,1.348916,1235997695.369468,0:3;1:3;2:1;3:1;0:0;1:0;2:1;3:1
crux,three_tier_clos,ring,synthetic,optimize,balanced,0,synthetic,8,0.000000,0.000000,53.522202,53.522202,52.202144,0.330015,8.594861,27964405134.098450,4:0;4:1;4:2;4:3;5:0;5:1;5:2;5:3
crux,three_tier_clos,ring,synthetic,optimize,balanced,1,synthetic,8,0.000000,0.000000,63.114547,63.114547,60.850210,0.495209,9.277925,20116950358.263126,2:2;3:2;0:2;1:2;2:3;3:3;0:3;1:3
crux,three_tier_clos,ring,synthetic,optimize,balanced,2,synthetic,8,0.000000,0.000000,15.120328,15.120328,9.334915,1.265609,0.716645,608001173.609735,0:1;1:1;2:2;3:2;0:3;1:3;2:3;3:3
crux,three_tier_clos,ring,synthetic,optimize,balanced,3,synthetic,8,0.000000,0.000000,55.860443,55.860443,54.664109,0.299084,9.096861,32658700195.001358,6:0;6:1;6:2;6:3;7:0;7:1;7:2;7:3
crux,three_tier_clos,ring,synthetic,optimize,balanced,4,synthetic,8,0.000000,0.000000,59.989345,59.989345,58.288343,0.283500,9.638824,36506519330.634674,0:0;0:1;0:2;0:3;1:0;1:1;1:2;1:3
crux,three_tier_clos,ring,synthetic,optimize,balanced,5,synthetic,8,0.000000,0.000000,17.139776,17.139776,10.260865,1.658161,0.797007,516101780.945749,0:0;1:0;2:0;3:0;0:1;1:1;2:1;3:1
crux,three_tier_clos,ring,synthetic,optimize,balanced,6,synthetic,8,0.000000,0.000000,61.796453,61.796453,60.398028,0.366447,10.371652,30390390190.311924,6:0;6:1;6:2;6:3;7:0;7:1;7:2;7:3
crux,three_tier_clos,ring,synthetic,optimize,balanced,7,synthetic,8,0.000000,0.000000,66.655407,66.655407,64.232358,0.427910,10.470158,26272467870.272526,2:0;3:0;0:0;1:0;2:1;3:1;0:1;1:1
crux,three_tier_clos,ring,synthetic,optimize,balanced,8,synthetic,8,0.000000,0.000000,23.178321,23.178321,18.523068,1.292181,1.515434,1259254399.633792,2:2;3:2;2:3;3:3;0:2;1:2;2:0;3:0
crux,three_tier_clos,ring,synthetic,optimize,balanced,9,synthetic,8,0.000000,0.000000,62.581708,62.581708,61.238388,0.337768,10.753814,34185608902.838707,4:0;4:1;4:2;4:3;5:0;5:1;5:2;5:3
crux,three_tier_clos,ring,synthetic,optimize,balanced,10,synthetic,8,0.000000,0.000000,67.164387,67.164387,65.147927,0.336077,11.256473,35963653528.793274,2:0;2:1;2:2;2:3;3:0;3:1;3:2;3:3
crux,three_tier_clos,ring,synthetic,optimize,balanced,11,synthetic,8,0.000000,0.000000,23.888099,23.888099,18.485825,1.171837,1.348916,1235997695.369468,0:3;1:3;2:1;3:1;0:0;1:0;2:1;3:1
random_same,ascend,ring,synthetic,optimize,balanced,0,synthetic,8,0.000000,0.000000,21.864450,21.864450,20.808404,0.330015,8.594861,27964405134.098450,0:0;0:3;0:6;1:1;1:4;1:7;2:2;2:5
random_same,ascend,ring,synthetic,optimize,balanced,1,synthetic,8,0.000000,0.000000,23.445938,23.445938,21.861269,0.495209,9.277925,20116950358.263126,0:7;1:2;1:5;2:0;2:3;2:6;3:1;3:4
random_same,ascend,ring,synthetic,optimize,balanced,2,synthetic,8,0.000000,0.000000,6.751260,6.751260,3.709065,1.265609,0.716645,608001173.609735,1:6;2:1;2:4;2:7;3:2;3:5;4:0;4:3
random_same,ascend,ring,synthetic,optimize,balanced,3,synthetic,8,0.000000,0.000000,22.656575,22.656575,21.843451,0.299084,9.096861,32658700195.001358,2:5;3:0;3:3;3:6;4:1;4:4;4:7;5:2
random_same,ascend,ring,synthetic,optimize,balanced,4,synthetic,8,0.000000,0.000000,23.306476,23.306476,22.626076,0.283500,9.638824,36506519330.634674,3:4;3:7;4:2;4:5;5:0;5:3;5:6;6:1
random_same,ascend,ring,synthetic,optimize,balanced,5,synthetic,8,0.000000,0.000000,9.111252,9.111252,5.131665,1.658161,0.797007,516101780.945749,4:3;4:6;5:1;5:4;5:7;6:2;6:5;7:0
random_same,ascend,ring,synthetic,optimize,balanced,6,synthetic,8,0.000000,0.000000,23.810155,23.810155,22.930681,0.366447,10.371652,30390390190.311924,5:2;5:5;6:0;6:3;6:6;7:1;7:4;7:7
random_same,ascend,ring,synthetic,optimize,balanced,7,synthetic,8,0.000000,0.000000,23.913028,23.913028,22.886044,0.427910,10.470158,26272467870.272526,6:1;6:4;6:7;7:2;7:5;0:0;0:3;0:6
random_same,ascend,ring,synthetic,optimize,balanced,8,synthetic,8,0.000000,0.000000,10.097017,10.097017,6.912526,1.292181,1.515434,1259254399.633792,7:0;7:3;7:6;0:1;0:4;0:7;1:2;1:5
random_same,ascend,ring,synthetic,optimize,balanced,9,synthetic,8,0.000000,0.000000,24.148140,24.148140,23.216417,0.337768,10.753814,34185608902.838707,7:7;0:2;0:5;1:0;1:3;1:6;2:1;2:4
random_same,ascend,ring,synthetic,optimize,balanced,10,synthetic,8,0.000000,0.000000,24.520363,24.520363,23.474512,0.336077,11.256473,35963653528.793274,0:6;1:1;1:4;1:7;2:2;2:5;3:0;3:3
random_same,ascend,ring,synthetic,optimize,balanced,11,synthetic,8,0.000000,0.000000,9.881492,9.881492,6.787680,1.171837,1.348916,1235997695.369468,1:5;2:0;2:3;2:6;3:1;3:4;3:7;4:2
random_intensity,ascend,ring,synthetic,optimize,balanced,0,synthetic,8,0.000000,0.000000,21.833815,21.833815,20.777768,0.330015,8.594861,27964405134.098450,0:0;0:3;0:6;1:1;1:4;1:7;2:2;2:5
random_intensity,ascend,ring,synthetic,optimize,balanced,1,synthetic,8,0.000000,0.000000,23.448292,23.448292,21.863623,0.495209,9.277925,20116950358.263126,0:7;1:2;1:5;2:0;2:3;2:6;3:1;3:4
random_intensity,ascend,ring,synthetic,optimize,balanced,2,synthetic,8,0.000000,0.000000,6.758193,6.758193,3.720604,1.265609,0.716645,608001173.609735,1:6;2:1;2:4;2:7;3:2;3:5;4:0;4:3
random_intensity,ascend,ring,synthetic,optimize,balanced,3,synthetic,8,0.000000,0.000000,22.634876,22.634876,21.811843,0.299084,9.096861,32658700195.001358,2:5;3:0;3:3;3:6;4:1;4:4;4:7;5:2
random_intensity,ascend,ring,synthetic,optimize,balanced,4,synthetic,8,0.000000,0.000000,23.313795,23.313795,22.633394,0.283500,9.638824,36506519330.634674,3:4;3:7;4:2;4:5;5:0;5:3;5:6;6:1
random_intensity,ascend,ring,synthetic,optimize,balanced,5,synthetic,8,0.000000,0.000000,8.931918,8.931918,4.952331,1.658161,0.797007,516101780.945749,4:3;4:6;5:1;5:4;5:7;6:2;6:5;7:0
random_intensity,ascend,ring,synthetic,optimize,balanced,6,synthetic,8,0.000000,0.000000,23.799498,23.799498,22.920024,0.366447,10.371652,30390390190.311924,5:2;5:5;6:0;6:3;6:6;7:1;7:4;7:7
random_intensity,ascend,ring,synthetic,optimize,balanced,7,synthetic,8,0.000000,0.000000,23.908812,23.908812,22.881828,0.427910,10.470158,26272467870.272526,6:1;6:4;6:7;7:2;7:5;0:0;0:3;0:6
random_intensity,ascend,ring,synthetic,optimize,balanced,8,synthetic,8,0.000000,0.000000,10.024772,10.024772,6.862517,1.292181,1.515434,1259254399.633792,7:0;7:3;7:6;0:1;0:4;0:7;1:2;1:5
random_intensity,ascend,ring,synthetic,optimize,balanced,9,synthetic,8,0.000000,0.000000,24.147716,24.147716,23.215992,0.337768,10.753814,34185608902.838707,7:7;0:2;0:5;1:0;1:3;1:6;2:1;2:4
random_intensity,ascend,ring,synthetic,optimize,balanced,10,synthetic,8,0.000000,0.000000,24.521833,24.521833,23.475982,0.336077,11.256473,35963653528.793274,0:6;1:1;1:4;1:7;2:2;2:5;3:0;3:3
random_intensity,ascend,ring,synthetic,optimize,balanced,11,synthetic,8,0.000000,0.000000,9.722269,9.722269,6.646034,1.171837,1.348916,1235997695.369468,1:5;2:0;2:3;2:6;3:1;3:4;3:7;4:2
crux_no_compress,ascend,ring,synthetic,optimize,balanced,0,synthetic,8,0.000000,0.000000,1.841236,1.841236,1.049201,0.330015,8.594861,27964405134.098450,5:0;5:1;5:2;5:3;5:4;5:5;5:6;5:7
crux_no_compress,ascend,ring,synthetic,optimize,balanced,1,synthetic,8,0.000000,0.000000,23.840583,23.840583,21.859746,0.495209,9.277925,20116950358.263126,6:4;7:4;6:5;7:5;6:6;7:6;6:7;7:7
crux_no_compress,ascend,ring,synthetic,optimize,balanced,2,synthetic,8,0.000000,0.000000,7.775675,7.775675,3.236451,1.265609,0.716645,608001173.609735,6:0;7:0;6:1;7:1;6:2;7:2;6:3;7:3
crux_no_compress,ascend,ring,synthetic,optimize,balanced,3,synthetic,8,0.000000,0.000000,1.828266,1.828266,1.110466,0.299084,9.096861,32658700195.001358,3:0;3:1;3:2;3:3;3:4;3:5;3:6;3:7
crux_no_compress,ascend,ring,synthetic,optimize,balanced,4,synthetic,8,0.000000,0.000000,1.857008,1.857008,1.176608,0.283500,9.638824,36506519330.634674,0:0;0:1;0:2;0:3;0:4;0:5;0:6;0:7
crux_no_compress,ascend,ring,synthetic,optimize,balanced,5,synthetic,8,0.000000,0.000000,10.223937,10.223937,3.805796,1.658161,0.797007,516101780.945749,6:4;7:4;6:5;7:5;6:6;7:6;6:7;7:7
crux_no_compress,ascend,ring,synthetic,optimize,balanced,6,synthetic,8,0.000000,0.000000,2.145516,2.145516,1.266043,0.366447,10.371652,30390390190.311924,4:0;4:1;4:2;4:3;4:4;4:5;4:6;4:7
crux_no_compress,ascend,ring,synthetic,optimize,balanced,7,synthetic,8,0.000000,0.000000,24.744247,24.744247,23.032608,0.427910,10.470158,26272467870.272526,6:0;7:0;6:1;7:1;6:2;7:2;6:3;7:3
crux_no_compress,ascend,ring,synthetic,optimize,balanced,8,synthetic,8,0.000000,0.000000,11.510610,11.510610,5.970822,1.292181,1.515434,1259254399.633792,6:4;7:4;6:5;7:5;6:6;7:6;6:7;7:7
crux_no_compress,ascend,ring,synthetic,optimize,balanced,9,synthetic,8,0.000000,0.000000,2.123327,2.123327,1.312682,0.337768,10.753814,34185608902.838707,2:0;2:1;2:2;2:3;2:4;2:5;2:6;2:7
crux_no_compress,ascend,ring,synthetic,optimize,balanced,10,synthetic,8,0.000000,0.000000,2.180612,2.180612,1.374028,0.336077,11.256473,35963653528.793274,1:0;1:1;1:2;1:3;1:4;1:5;1:6;1:7
crux_no_compress,ascend,ring,synthetic,optimize,balanced,11,synthetic,8,0.000000,0.000000,9.878941,9.878941,5.564770,1.171837,1.348916,1235997695.369468,6:0;7:0;6:1;7:1;6:2;7:2;6:3;7:3
crux,ascend,ring,synthetic,optimize,balanced,0,synthetic,8,0.000000,0.000000,1.841236,1.841236,1.049201,0.330015,8.594861,27964405134.098450,5:0;5:1;5:2;5:3;5:4;5:5;5:6;5:7
crux,ascend,ring,synthetic,optimize,balanced,1,synthetic,8,0.000000,0.000000,23.840583,23.840583,21.859746,0.495209,9.277925,20116950358.263126,6:4;7:4;6:5;7:5;6:6;7:6;6:7;7:7
crux,ascend,ring,synthetic,optimize,balanced,2,synthetic,8,0.000000,0.000000,7.775675,7.775675,3.236451,1.265609,0.716645,608001173.609735,6:0;7:0;6:1;7:1;6:2;7:2;6:3;7:3
crux,ascend,ring,synthetic,optimize,balanced,3,synthetic,8,0.000000,0.000000,1.828266,1.828266,1.110466,0.299084,9.096861,32658700195.001358,3:0;3:1;3:2;3:3;3:4;3:5;3:6;3:7
crux,ascend,ring,synthetic,optimize,balanced,4,synthetic,8,0.000000,0.000000,1.857008,1.857008,1.176608,0.283500,9.638824,36506519330.634674,0:0;0:1;0:2;0:3;0:4;0:5;0:6;0:7
crux,ascend,ring,synthetic,optimize,balanced,5,synthetic,8,0.000000,0.000000,10.223937,10.223937,3.805796,1.658161,0.797007,516101780.945749,6:4;7:4;6:5;7:5;6:6;7:6;6:7;7:7
crux,ascend,ring,synthetic,optimize,balanced,6,synthetic,8,0.000000,0.000000,2.145516,2.145516,1.266043,0.366447,10.371652,30390390190.311924,4:0;4:1;4:2;4:3;4:4;4:5;4:6;4:7
crux,ascend,ring,synthetic,optimize,balanced,7,synthetic,8,0.000000,0.000000,24.744247,24.744247,23.032608,0.427910,10.470158,26272467870.272526,6:0;7:0;6:1;7:1;6:2;7:2;6:3;7:3
crux,ascend,ring,synthetic,optimize,balanced,8,synthetic,8,0.000000,0.000000,11.510610,11.510610,5.970822,1.292181,1.515434,1259254399.633792,6:4;7:4;6:5;7:5;6:6;7:6;6:7;7:7
crux,ascend,ring,synthetic,optimize,balanced,9,synthetic,8,0.000000,0.000000,2.123327,2.123327,1.312682,0.337768,10.753814,34185608902.838707,2:0;2:1;2:2;2:3;2:4;2:5;2:6;2:7
crux,ascend,ring,synthetic,optimize,balanced,10,synthetic,8,0.000000,0.000000,2.180612,2.180612,1.374028,0.336077,11.256473,35963653528.793274,1:0;1:1;1:2;1:3;1:4;1:5;1:6;1:7
crux,ascend,ring,synthetic,optimize,balanced,11,synthetic,8,0.000000,0.000000,9.878941,9.878941,5.564770,1.171837,1.348916,1235997695.369468,6:0;7:0;6:1;7:1;6:2;7:2;6:3;7:3
